Classifier,Features,macro_precision,weighted_precision,macro_recall,weighted_recall,macro_F1,weighted_F1
Logistic Regression,"stemmed titles,stemmed comments,author,processed_url",0.7161930445122323,0.6738767096409647,0.6825644393797351,0.6632124352331606,0.6953578568383662,0.6651872414369776
Random Forests,"stemmed titles,stemmed comments,author,processed_url",0.7268071618271714,0.6785905948332221,0.6292939451348635,0.6366580310880829,0.6501945796214502,0.6342787513419297
SVM,"stemmed titles,stemmed comments,author,processed_url",0.6574187779643034,0.6317991187720389,0.6669143942798509,0.6308290155440415,0.6573757007059101,0.6275299853064735
Naive Bayes,"stemmed titles,stemmed comments,author,processed_url",0.6526767868634636,0.6437244262336714,0.3817480524889914,0.47538860103626945,0.38485883562369416,0.45928885568089783
Logistic Regression,"stemmed_titles,processed_url",0.7565573386605228,0.692443552804967,0.6414477101208219,0.6811066618128868,0.6832971686451799,0.6772358323213481
Random Forests,"stemmed_titles,processed_url",0.7917836102509983,0.6974535159016575,0.5535222009949285,0.6184929013469239,0.6008930615753241,0.5984783046207723
SVM,"stemmed_titles,processed_url",0.7159376906381977,0.6422056973128585,0.5703535762455852,0.6068438296323262,0.6063995013157762,0.5909044978420244
Naive Bayes,"stemmed_titles,processed_url",0.6231269581366344,0.6236194804516697,0.32408484638923046,0.5278485620677102,0.3319141070665736,0.47375662166880034
Logistic Regression,"title,processed_url",0.7594761049203325,0.7039836444008523,0.6534072797657188,0.693847834000728,0.6918110387790892,0.6895112442374021
Random Forests,"title,processed_url",0.8124702772698099,0.7114744324623055,0.5398704391801122,0.6221332362577358,0.5924378859649653,0.6000912915937833
SVM,"title,processed_url",0.6677281406860129,0.6410797742595767,0.6021217300870877,0.6214051692755733,0.6092029280472631,0.6031260814877989
Naive Bayes,"title,processed_url",0.6414969022166578,0.6397162220958946,0.3206883992140664,0.5344011649071715,0.3184580107386622,0.4700478451828892
Logistic Regression,"title,processed_url(reduced_data)",0.7103799852792382,0.6616358122037722,0.6647781511117059,0.6411917098445595,0.6787581950580317,0.6439067016746683
Random Forests,"title,processed_url(reduced_data)",0.7235361580278152,0.6620138233404655,0.6051816106657453,0.5874352331606217,0.6235258705574434,0.5883303311204537
SVM,"title,processed_url(reduced_data)",0.6348832571578015,0.6037865304541805,0.6325523743207613,0.5958549222797928,0.6253402687516455,0.5908616120557485
Naive Bayes,"title,processed_url(reduced_data)",0.6919417879144333,0.650065505919062,0.48484014083996957,0.5660621761658031,0.5005050586555201,0.5540479657634269
Logistic Regression,"title,processed_url,author,stemmed_comments(reduced data)",0.7303830734968714,0.6809585573831791,0.6840164213254609,0.6703367875647669,0.7017026943320864,0.6718595267511873
Random Forests,"title,processed_url,author,stemmed_comments(reduced data)",0.7114488524865901,0.6605941780892319,0.6131201582546519,0.6211139896373057,0.6346638006216977,0.6175867305655086
SVM,"title,processed_url,author,stemmed_comments(reduced data)",0.6484840172331314,0.6249771941321781,0.6583432780606535,0.6243523316062176,0.6481237946101848,0.6200401258152743
Naive Bayes,"title,processed_url,author,stemmed_comments(reduced data)",0.6456321204462494,0.6342590625763245,0.37734866892716035,0.4721502590673575,0.3763900530436295,0.4515709819260053
Logistic Regression,"title,processed_url,author,stemmed_comments(reduced data)",0.7167758185050794,0.7031062915137862,0.6998163127317784,0.6906976744186046,0.7045988769405478,0.692756127818558
Random Forests,"title,processed_url,author,stemmed_comments(reduced data)",0.685395869935408,0.6602218614146937,0.622475208918648,0.6197674418604651,0.6276033551866583,0.6117575980530173
SVM,"title,processed_url,author,stemmed_comments(reduced data)",0.6643651312192923,0.6567460925579893,0.6749028905227904,0.6604651162790698,0.6637602828405614,0.6531266503384081
Naive Bayes,"title,processed_url,author,stemmed_comments(reduced data)",0.735157428963313,0.7102788668318727,0.4820148435517659,0.5116279069767442,0.49776871886882373,0.5231199923682689
Logistic Regression,"stemmed_titles,stemmed_comments,processed_url(reduced data)",0.7087070733348347,0.693821194182506,0.6926580041586997,0.6825581395348838,0.6979057395391165,0.6852640491293209
Random Forests,"stemmed_titles,stemmed_comments,processed_url(reduced data)",0.6738221429177202,0.6493360028973365,0.6116944579752844,0.6069767441860465,0.618178406761179,0.6014278394969208
SVM,"stemmed_titles,stemmed_comments,processed_url(reduced data)",0.6429229314826013,0.6382931642667504,0.6561739417220752,0.641860465116279,0.6412935403339148,0.6330788323220796
Naive Bayes,"stemmed_titles,stemmed_comments,processed_url(reduced data)",0.744211289863609,0.718471624510909,0.4847302702708038,0.5174418604651163,0.5016835337556311,0.5323592919838538
Logistic Regression,"author,stemmed_titles,processed_url,stem_comments(reduced data)",0.715448803878673,0.6996819629585733,0.6924224771300221,0.6848837209302325,0.7002439248143312,0.6885203480982974
Random Forests,"author,stemmed_titles,processed_url,stem_comments(reduced data)",0.6807503281752382,0.6538365076478582,0.6176212128031761,0.6116279069767442,0.6246970069635219,0.606007971077356
SVM,"author,stemmed_titles,processed_url,stem_comments(reduced data)",0.6302535490345672,0.6182598723696346,0.6376444935872816,0.6267441860465116,0.6266004713313496,0.6158061038422714
Naive Bayes,"author,stemmed_titles,processed_url,stem_comments(reduced data)",0.7293618371711678,0.7043431892938945,0.4651242701379738,0.4965116279069767,0.4828644890241724,0.5118712451180791
Logistic Regression,"author,stemmed_titles,processed_url",0.745965644017938,0.6857793951180811,0.6195297295714108,0.6701856570804514,0.6613660446590423,0.664370672193739
Random Forests,"author,stemmed_titles,processed_url",0.7837661183442152,0.6871268255202329,0.5162107766452458,0.5970149253731343,0.5633991023830138,0.5720930456556426
SVM,"author,stemmed_titles,processed_url",0.6435937522251547,0.5856578382315768,0.5367687066869601,0.5617036767382599,0.5576442936808276,0.5395132428826777
Naive Bayes,"author,stemmed_titles,processed_url",0.635780325193671,0.6305692781756808,0.31402878345241264,0.5161994903531125,0.3202868771766221,0.4610784506580591
Logistic Regression,"title-comments-combined,processed_url",0.7180015069399648,0.6752972401938218,0.6850442764027258,0.6651554404145078,0.6981039412249873,0.6674015228194383
Random Forests,"title-comments-combined,processed_url",0.720980388412208,0.679343008221786,0.6479551569673644,0.6450777202072538,0.6643675838668237,0.6432256408189809
SVM,"title-comments-combined,processed_url",0.658726956877021,0.6378852441116563,0.6678579175551397,0.6366580310880829,0.6594554399846531,0.6342583937946245
Naive Bayes,"title-comments-combined,processed_url",0.6431991639181814,0.6384392208409995,0.39613167818157663,0.49287564766839376,0.3997725441845022,0.4759781128511362
Logistic Regression,"author,title-comments-combined,processed_url",0.7529218321178327,0.7074160644108319,0.6594757528183696,0.7007644703312704,0.6950076970043697,0.6971766020134572
Random Forests,"author,title-comments-combined,processed_url",0.7953387310346518,0.7034258210546472,0.49621641873495526,0.6235893702220604,0.5401893987757194,0.5895941621930426
SVM,"author,title-comments-combined,processed_url",0.6575113982495471,0.6305334393603897,0.5614355708174894,0.6097560975609756,0.5615197876250995,0.5826593929874787
Naive Bayes,"author,title-comments-combined,processed_url",0.5532310447976001,0.607868941582358,0.28364156617865527,0.5067346195850018,0.24914542808413598,0.41744836690392373
Logistic Regression,"stemmed_titles,processed_url",0.7565573386605228,0.692443552804967,0.6414477101208219,0.6811066618128868,0.6832971686451799,0.6772358323213481
Random Forests,"stemmed_titles,processed_url",0.788216087052799,0.6965179314033672,0.548451997883666,0.6155806334182745,0.5929982769010892,0.5935453749860142
SVM,"stemmed_titles,processed_url",0.6776086427208903,0.6319736737043369,0.5704730439612372,0.6039315617036768,0.5941992932383674,0.5882390220071382
Naive Bayes,"stemmed_titles,processed_url",0.6231269581366344,0.6236194804516697,0.32408484638923046,0.5278485620677102,0.3319141070665736,0.47375662166880034
Logistic Regression,stemmed_titles(reduced data),0.6464510668081662,0.5875865967771726,0.613188469870626,0.5764248704663213,0.627338439069649,0.5802211015841979
Random Forests,stemmed_titles(reduced data),0.6840762909512095,0.6313777383991427,0.5729493331711437,0.5343264248704663,0.6021575159089437,0.5567294686707541
SVM,stemmed_titles(reduced data),0.5766539457116154,0.5512901288136846,0.5920525079892589,0.5433937823834197,0.5751819051397086,0.5394925574403661
Naive Bayes,stemmed_titles(reduced data),0.6326791995428842,0.5833818423653852,0.4566266840792553,0.5226683937823834,0.48470575827944534,0.5205150862701479
Logistic Regression,"title-comments-combined,processed_url(reduced data)",0.7544662831415271,0.7059454779025338,0.6637775089852943,0.6983260553129549,0.6975983175163545,0.6949380933452326
Random Forests,"title-comments-combined,processed_url(reduced data)",0.8014729756599034,0.7136267867974411,0.52813386697404,0.6462882096069869,0.5725819285703333,0.6144535201973457
SVM,"title-comments-combined,processed_url(reduced data)",0.6889372684955888,0.6384987574770267,0.5798206983689725,0.6240902474526928,0.5976534187919829,0.6015384139873085
Naive Bayes,"title-comments-combined,processed_url(reduced data)",0.5570986032995712,0.6134497172096993,0.2895683085526005,0.5163755458515283,0.25720659818195934,0.429285537192678
Logistic Regression,"title-comments-combined,stemmed_url",0.7535945722027712,0.7028368202304395,0.6648075380664852,0.6963960684382964,0.6984621551822151,0.6929636380032242
Random Forests,"title-comments-combined,stemmed_url",0.7884279629799352,0.7052517581494637,0.5329921547652325,0.642883145249363,0.5777786563280308,0.6141655052645923
SVM,"title-comments-combined,stemmed_url",0.6853920815742589,0.64927374151011,0.5804070012034286,0.6232253367309792,0.58546736882914,0.6001364054453544
Naive Bayes,"title-comments-combined,stemmed_url",0.6269905873971195,0.6132979153700109,0.2877885573607588,0.504914452129596,0.2580786770163039,0.4192734802661675
Logistic Regression,"title-comments-combined,processed_url",0.7614368381348253,0.7103128465032476,0.6727051289834768,0.7033127047688388,0.7062607714260363,0.6999687876013901
